,trial_id,num_layers,num_hidden_units,lr,batchsize,boundary_batchsize,weight_change,lr_decay,alpha,patience,epochs,activation,final_boundary_loss,final_pinn_loss
0,0,3,140,0.0003,1032,256,0.9,0.9,0.9,3,400,selu,0.6895686313509941,0.08416577614843845
0,1,2,59,0.0003,1032,256,0.9,0.9,0.9,3,400,selu,8.857692271471024,0.6359546054154634
0,2,7,16,0.003,1032,256,0.9,0.9,0.9,3,400,selu,6.22812283039093,0.16369912028312683
0,3,2,151,0.0003,1032,256,0.9,0.9,0.9,3,400,selu,0.4363161027431488,0.04995758249424398
0,4,4,52,0.0003,1032,256,0.9,0.9,0.9,3,400,selu,1.8297322690486908,0.18802364356815815
